datetime,open,high,low,close,volume
2018-01-01,98.93240127415875,99.09778807584316,98.86801175256498,98.93240127415875,7537
2018-01-02,98.93240127415875,99.12947772551526,98.14488734404807,98.24718069240839,3281
2018-01-03,98.24718069240839,98.33066142927221,97.23484467477853,97.51132279792044,3053
2018-01-04,97.51132279792044,97.90882495848697,97.30354042240499,97.80133830875609,7793
2018-01-05,97.80133830875609,97.94630120750477,97.31656566243694,97.5877968952901,8424
2018-01-08,97.5877968952901,97.85388104912047,97.46974396210082,97.74062480147488,5706
2018-01-09,97.74062480147488,98.7131392911615,97.61611002811748,98.5976778401709,8903
2018-01-10,98.5976778401709,99.66035728297922,98.4673989616947,99.477061063403,2340
2018-01-11,99.477061063403,100.03688081027018,99.45802738979167,99.98087442323967,1107
2018-01-12,99.98087442323967,100.08679370253732,99.34047633500694,99.5610701212893,3048
2018-01-15,99.5610701212893,99.74924115979145,98.5548769364296,98.84192957423379,2651
2018-01-16,98.84192957423379,98.89731982228842,97.7955386724449,98.0692402205336,9564
2018-01-17,98.0692402205336,98.12085604561841,97.54596146553855,97.76192765607045,9013
2018-01-18,97.76192765607045,97.94264231689209,97.67773355746561,97.74102829848042,5113
2018-01-19,97.74102829848042,97.7792971251221,96.53398521661887,96.82436583375966,1676
2018-01-22,96.82436583375966,97.1101957331006,95.60038881263911,95.76083686824943,3996
2018-01-23,95.76083686824943,96.09673638352096,95.65931907924659,96.08285120280581,6855
2018-01-24,96.08285120280581,96.10676968445394,94.26617957697847,94.34837063826217,5979
2018-01-25,94.34837063826217,94.49785328745625,94.1936862533189,94.2097300122704,4834
2018-01-26,94.2097300122704,94.83640203965875,94.10793576440304,94.64014236247445,6917
2018-01-29,94.64014236247445,94.68614538259956,93.59309234830918,93.74029765901088,8189
2018-01-30,93.74029765901088,93.86352085658571,92.47120476794113,92.73061032668247,3751
2018-01-31,92.73061032668247,92.8810713967733,91.85571264087453,92.05556537756588,8002
2018-02-01,92.05556537756588,92.7551759641274,91.9316476172563,92.68184551361341,5975
2018-02-02,92.68184551361341,92.91570917219603,92.46917764021718,92.58936613947739,1509
2018-02-05,92.58936613947739,92.638770627102,90.66544701480059,90.90166576133883,8099
2018-02-06,90.90166576133883,91.14800133926816,90.28941786287658,90.54480717841234,2441
2018-02-07,90.54480717841234,91.50212819348971,90.4874775131877,91.49495216121039,2472
2018-02-08,91.49495216121039,92.68229099402608,91.22888588921478,92.42716755293799,4613
2018-02-09,92.42716755293799,93.2199212839825,92.21538828400494,93.0392433891874,6147
2018-02-12,93.0392433891874,93.20413869011585,92.75234859267114,92.84586828782135,7069
2018-02-13,92.84586828782135,92.93082380977064,91.12375264312648,91.1759712531914,8428
2018-02-14,91.1759712531914,91.36774344520349,91.17441651059873,91.3581198896883,7692
2018-02-15,91.3581198896883,91.50274734594855,91.14338374829877,91.22485464129339,6455
2018-02-16,91.22485464129339,91.57350589791226,91.0542465136653,91.3223347074534,4332
2018-02-19,91.3223347074534,92.95325743674907,91.15587643028536,92.76954700540207,8784
2018-02-20,92.76954700540207,93.19134020831336,92.5108794768075,92.967992203083,6702
2018-02-21,92.967992203083,93.36202271685018,92.95161203741972,93.253221250261,3388
2018-02-22,93.253221250261,94.06821228929046,93.17102471681369,93.84735478163948,9983
2018-02-23,93.84735478163948,94.12679370930827,93.54810050287496,93.6349665494841,1266
2018-02-26,93.6349665494841,93.74376891237038,92.86878296720005,93.04286720151282,6515
2018-02-27,93.04286720151282,93.22111523596158,92.15065200933464,92.38702938206785,7953
2018-02-28,92.38702938206785,93.21209998595732,92.18922153562745,93.12626485935044,7174
2018-03-01,93.12626485935044,93.72581844708156,93.08044005084125,93.62540671658238,1570
2018-03-02,93.62540671658238,93.64513509138895,93.09529988094685,93.19614155517387,2369
2018-03-05,93.19614155517387,94.30647913744156,93.1919723803962,94.3049117204022,6728
2018-03-06,94.3049117204022,94.72872963393644,94.26278480197249,94.50725359781784,4591
2018-03-07,94.50725359781784,94.52642712110007,93.22189363339653,93.27707877193185,6773
2018-03-08,93.27707877193185,94.09084509059984,93.15993909336314,93.87209789121191,1449
2018-03-09,93.87209789121191,94.05741705583924,93.5186269914558,93.76937763025404,1964
2018-03-12,93.76937763025404,93.99541237404682,92.35155057935039,92.5593740265513,5621
2018-03-13,92.5593740265513,93.14395953308791,92.55536692543333,93.0656509618727,5394
2018-03-14,93.0656509618727,93.2992584052299,92.66314869834869,92.77312562099058,8270
2018-03-15,92.77312562099058,92.95998053080932,92.37471116501567,92.43757734727227,2985
2018-03-16,92.43757734727227,93.16115497427677,92.38166449481875,93.01237384397888,8757
2018-03-19,93.01237384397888,93.15909125139135,91.02218141952095,91.02257649858485,4894
2018-03-20,91.02257649858485,91.18345866201467,89.72434916438073,89.89430280645577,8148
2018-03-21,89.89430280645577,90.12121846290218,89.27351338392349,89.54035031347557,9909
2018-03-22,89.54035031347557,90.02974271675761,89.40874190996752,89.79066358604018,4217
2018-03-23,89.79066358604018,89.95807265766798,89.20358835054239,89.22220361773101,4458
2018-03-26,89.22220361773101,89.37769493690955,88.31651182744106,88.36383288728922,8453
2018-03-27,88.36383288728922,88.50765432532457,87.23024646580144,87.46498351155468,3041
2018-03-28,87.46498351155468,87.59784158729805,87.22067064830559,87.38866588378872,1404
2018-03-29,87.38866588378872,88.27084911948666,87.19744865425574,88.00695034858038,1691
2018-03-30,88.00695034858038,88.07012116507208,86.60099324257658,86.76608083150018,3332
2018-04-02,86.76608083150018,86.96571205649714,84.83252930436736,85.00516177159571,4787
2018-04-03,85.00516177159571,85.01909391168226,84.5592257979166,84.77818180011174,6521
2018-04-04,84.77818180011174,85.01460758853446,84.45392121305599,84.48027188472909,6114
2018-04-05,84.48027188472909,84.66851769484441,83.5186372721303,83.7409607645202,1006
2018-04-06,83.7409607645202,84.44339558874323,83.65150394206952,84.2800903846245,6955
2018-04-09,84.2800903846245,85.20811385401504,84.18350854515229,84.98646234149898,1444
2018-04-10,84.98646234149898,85.13271573205425,84.52228198358107,84.53370254689598,8618
2018-04-11,84.53370254689598,84.55835612307115,84.02628862175615,84.26830262477533,7641
2018-04-12,84.26830262477533,84.8656908686529,84.18996968833544,84.77545706259261,3791
2018-04-13,84.77545706259261,85.01239484302052,84.23100449592758,84.43769737709975,1137
2018-04-16,84.43769737709975,84.45841908761406,83.07840868857463,83.28617003856095,1575
2018-04-17,83.28617003856095,83.29524398604373,83.23760036437471,83.25488676296384,8143
2018-04-18,83.25488676296384,83.50351011508907,82.42461841030688,82.53021774137817,5273
2018-04-19,82.53021774137817,82.84486920662083,82.41404151427524,82.82395262296008,7656
2018-04-20,82.82395262296008,82.8272016671528,82.21736921058394,82.43132837454354,5655
2018-04-23,82.43132837454354,82.43627749329782,82.1131061119746,82.30024141277347,7281
2018-04-24,82.30024141277347,82.96978266830763,82.22685638660911,82.75365432841431,2844
2018-04-25,82.75365432841431,82.75790215826768,82.55887180071421,82.67522524970055,5747
2018-04-26,82.67522524970055,82.86918154493756,81.99995809285167,82.1773585920844,9370
2018-04-27,82.1773585920844,82.35515041903966,81.2131618609873,81.37883705875171,7732
2018-04-30,81.37883705875171,82.93512680854073,81.18888111882022,82.81638696890626,9614
2018-05-01,82.81638696890626,83.88469727585381,82.62464939816564,83.7630549139696,7888
2018-05-02,83.7630549139696,84.0001775810034,82.3680601789015,82.53772903875736,9354
2018-05-03,82.53772903875736,82.55672816111968,81.6193995531465,81.69813352673805,1313
2018-05-04,81.69813352673805,82.21249545513955,81.64169724343843,82.2013131159807,1364
2018-05-07,82.2013131159807,82.20343683440102,81.50499892233539,81.74360889762589,9605
2018-05-08,81.74360889762589,81.92199369549141,81.61620795996757,81.78053543899658,1001
2018-05-09,81.78053543899658,82.57143219441379,81.69112526694451,82.47369369038104,5524
2018-05-10,82.47369369038104,82.84340994478268,82.27785010488194,82.60475695741208,2667
2018-05-11,82.60475695741208,82.78648892365261,82.39426230713998,82.52284015447155,1495
2018-05-14,82.52284015447155,82.58525956889468,82.05362706417861,82.15758023890555,4682
2018-05-15,82.15758023890555,82.38493282610804,81.90810739791564,82.11123786678411,8191
2018-05-16,82.11123786678411,82.59020232167038,82.09476284096164,82.45409629211757,2867
2018-05-17,82.45409629211757,84.03323055264151,82.36844132518725,83.92213426607388,9403
2018-05-18,83.92213426607388,84.94037329678021,83.82699029950592,84.84613392846968,7770
2018-05-21,84.84613392846968,84.97029760767845,84.62687028714117,84.70248641330669,8626
2018-05-22,84.70248641330669,85.66646860679683,84.54581905337318,85.50805684547593,7576
2018-05-23,85.50805684547593,85.89071913960123,85.4118769133871,85.63396805732856,4808
2018-05-24,85.63396805732856,85.88549469070371,84.19875317831375,84.4000671065369,2121
2018-05-25,84.4000671065369,84.55231661818769,84.0879259809474,84.33539797189505,7634
2018-05-28,84.33539797189505,85.30812196966048,84.10784640881614,85.20401466078927,1487
2018-05-29,85.20401466078927,85.26869962060518,84.66214558671204,84.72281479952359,8505
2018-05-30,84.72281479952359,85.80126486960968,84.6286652629875,85.54519473945494,3257
2018-05-31,85.54519473945494,85.75158170735378,85.07944253531736,85.3088329263743,3495
2018-06-01,85.3088329263743,85.44102500876382,85.09529118390543,85.35703746160723,4393
2018-06-04,85.35703746160723,85.47429184214826,84.27551733392673,84.37164658989634,7825
2018-06-05,84.37164658989634,86.2429953457769,84.29105095792642,86.16233989647539,7103
2018-06-06,86.16233989647539,86.836738033843,85.90735838962385,86.57988919314124,6843
2018-06-07,86.57988919314124,87.63085008316195,86.42726408644577,87.48364487731106,5098
2018-06-08,87.48364487731106,87.59605384505208,87.07830218816666,87.11462386697173,2552
2018-06-11,87.11462386697173,87.2120243194096,85.62725767207738,85.87482570873817,5200
2018-06-12,85.87482570873817,87.12097089777122,85.81848034027159,86.94770158192011,1660
2018-06-13,86.94770158192011,86.98911438847428,86.21583461574863,86.35685264154048,2975
2018-06-14,86.35685264154048,88.06048859419812,86.22263083167901,87.82170547653611,9570
2018-06-15,87.82170547653611,87.96670515306455,87.48455010829417,87.697874526676,9898
2018-06-18,87.697874526676,89.29286288322002,87.64232036245758,89.1609328051076,4087
2018-06-19,89.1609328051076,89.35652232256784,88.33667364116289,88.53984730467835,3711
2018-06-20,88.53984730467835,88.78413972075116,86.79385286319356,87.0178103513934,2263
2018-06-21,87.0178103513934,87.70143310816903,86.92302573055532,87.65369084125065,5040
2018-06-22,87.65369084125065,87.68813666414671,87.4576308981079,87.62034601134941,5051
2018-06-25,87.62034601134941,87.8814597824414,87.5117487799296,87.64425151993365,2481
2018-06-26,87.64425151993365,88.83818429024157,87.53221085901632,88.59479444766575,6742
2018-06-27,88.59479444766575,88.79944141928581,87.68842759030227,87.84303894755084,1523
2018-06-28,87.84303894755084,87.9691714215179,86.71105017929624,86.73914405513487,1935
2018-06-29,86.73914405513487,86.82783573585311,85.70984498855319,85.75727341051783,9507
2018-07-02,85.75727341051783,86.01294525176007,84.11456135441212,84.35206055204146,2237
2018-07-03,84.35206055204146,84.38590537512079,82.78162900312205,82.865019771091,4609
2018-07-04,82.865019771091,83.10823555169492,81.63295166353062,81.83136675494036,1854
2018-07-05,81.83136675494036,81.85065056011022,80.85491300329586,81.06251039007755,5321
2018-07-06,81.06251039007755,81.30523850782944,80.52637655063121,80.71554945424589,9314
2018-07-09,80.71554945424589,80.92399958962055,79.71796251648927,79.76522488940526,3175
2018-07-10,79.76522488940526,79.81967518202815,79.45546145724342,79.66983012310116,8737
2018-07-11,79.66983012310116,80.49732743931494,79.47888298778479,80.27862852547312,8472
2018-07-12,80.27862852547312,80.47180544887189,79.86455737880988,80.10081648194858,5178
2018-07-13,80.10081648194858,80.64126672533901,79.89992361282329,80.42961202492556,1062
2018-07-16,80.42961202492556,80.66249107291947,79.54654428947286,79.68720298472132,1349
2018-07-17,79.68720298472132,80.1230876838999,79.52212366397862,79.90036807583787,4463
2018-07-18,79.90036807583787,80.3502281267127,79.6647873721523,80.24799878295424,1856
2018-07-19,80.24799878295424,80.36611110101913,79.60309838780574,79.69762534070563,1516
2018-07-20,79.69762534070563,79.77711971457066,78.30202175158608,78.444186721123,7316
2018-07-23,78.444186721123,78.46705230183548,78.0859662092031,78.2458760208499,4821
2018-07-24,78.2458760208499,78.35499152157816,77.99936320504462,78.17728203493563,5584
2018-07-25,78.17728203493563,79.27542282090278,78.11022546718152,79.22555150335737,6022
2018-07-26,79.22555150335737,79.30545754645331,78.64647985170704,78.82050334274855,4429
2018-07-27,78.82050334274855,80.221870459792,78.80192423419186,80.02459656901434,6816
2018-07-30,80.02459656901434,80.03007577591163,77.92147784281728,78.04038977229261,4566
2018-07-31,78.04038977229261,78.04645094172733,77.48572579031405,77.70015751924475,9467
2018-08-01,77.70015751924475,77.90017018278726,77.05840125798574,77.21464444119974,4758
2018-08-02,77.21464444119974,77.360699300719,76.59171531810293,76.81058905617661,8017
2018-08-03,76.81058905617661,77.0030559836245,76.2854293918856,76.29229346051872,3897
2018-08-06,76.29229346051872,76.39741374573578,76.03552438003818,76.13800928965665,4366
2018-08-07,76.13800928965665,77.44149353384792,76.11020266457183,77.26500309197712,3573
2018-08-08,77.26500309197712,77.29463866948143,77.01991791818023,77.02586650469293,7489
2018-08-09,77.02586650469293,78.02136178241193,77.02073658376334,77.81401409507457,4095
2018-08-10,77.81401409507457,77.97916546307891,77.4026090260184,77.61466549743442,4545
2018-08-13,77.61466549743442,77.6617136624462,77.34040655086181,77.57165394366277,2575
2018-08-14,77.57165394366277,77.68834788003872,75.54654397713239,75.64617012508606,6379
2018-08-15,75.64617012508606,75.67166150916806,75.39788184176778,75.5869702256419,9278
2018-08-16,75.5869702256419,76.01033902980865,75.3607916568337,75.91574720558665,7252
2018-08-17,75.91574720558665,76.10307864427969,74.9137634707678,74.9425929826979,1299
2018-08-20,74.9425929826979,75.09417489272434,74.25750478268795,74.36751422623492,9309
2018-08-21,74.36751422623492,74.50522222888058,73.41063862890698,73.618851814484,6099
2018-08-22,73.618851814484,75.23384265426343,73.59378925663192,75.04985366793431,2383
2018-08-23,75.04985366793431,75.22824736761702,74.09908460867292,74.19974152889529,9682
2018-08-24,74.19974152889529,74.2870345637113,73.5212957972813,73.54704738965827,6274
2018-08-27,73.54704738965827,73.69852906490931,71.32979441902326,71.47886563673092,6303
2018-08-28,71.47886563673092,71.6805584651032,70.06384612568063,70.25097756853921,2829
2018-08-29,70.25097756853921,70.39650810986,70.04521846586158,70.27094911919127,7008
2018-08-30,70.27094911919127,70.45424604444827,69.07067329915168,69.26689080424437,6872
2018-08-31,69.26689080424437,69.45839739283358,67.1331445615879,67.28408164838477,3735
2018-09-03,67.28408164838477,67.36774393291246,66.86214287311584,66.9699715262081,8016
2018-09-04,66.9699715262081,67.03269212215581,66.81424450524283,66.91538110528192,7979
2018-09-05,66.91538110528192,67.16632338718988,66.88818742240815,66.96881642766388,2089
2018-09-06,66.96881642766388,67.13745209418943,66.86932352969819,67.08892542218128,1997
2018-09-07,67.08892542218128,67.25428496303226,66.39851449942906,66.56447014790457,4482
2018-09-10,66.56447014790457,68.42501592869205,66.45533947646716,68.3033397546541,3637
2018-09-11,68.3033397546541,68.34634148037307,67.64075400479112,67.80368133253474,8831
2018-09-12,67.80368133253474,68.019593156144,67.7166346039049,67.97377169378909,6739
2018-09-13,67.97377169378909,68.052735983991,66.8686636343721,67.00267871360857,4055
2018-09-14,67.00267871360857,67.04056145792343,66.43544573044643,66.46955757398732,6483
2018-09-17,66.46955757398732,66.62005834535607,65.35171310912403,65.35414093989957,2199
2018-09-18,65.35414093989957,65.56641252312826,65.31015424333073,65.37161515882654,2189
2018-09-19,65.37161515882654,65.48583420244239,64.94485874889268,64.99403204720684,1087
2018-09-20,64.99403204720684,65.0811530428469,64.17434467153396,64.23535346494018,9651
2018-09-21,64.23535346494018,64.31944686474083,62.69566727825106,62.86172558636359,8682
2018-09-24,62.86172558636359,63.21666980277024,62.738501133883844,63.08866923356139,3130
2018-09-25,63.08866923356139,63.611483811323026,62.994411464125896,63.484298699297604,6953
2018-09-26,63.484298699297604,63.96572459493305,63.41951493480397,63.89447194728006,2303
2018-09-27,63.89447194728006,63.917131942798896,63.629669800506065,63.72542134532234,4218
2018-09-28,63.72542134532234,64.16115112704625,63.68490076030088,64.0501268335721,2309
2018-10-01,64.0501268335721,64.64650258286385,63.968873256213726,64.5173478786852,6572
2018-10-02,64.5173478786852,64.86968943560399,64.43437460875496,64.73330361331641,1588
2018-10-03,64.73330361331641,65.57666553909975,64.54359854153014,65.54733339981955,6279
2018-10-04,65.54733339981955,65.73389046663267,65.21738662798418,65.33718494228395,4433
2018-10-05,65.33718494228395,65.42003074367337,65.24897292300054,65.36736897979266,5916
2018-10-08,65.36736897979266,65.42185913613896,64.22156623227106,64.2955664246082,9177
2018-10-09,64.2955664246082,65.62926934583614,64.18966970835804,65.5405148952725,7759
2018-10-10,65.5405148952725,65.55554643281059,64.89638197000814,64.9641655215439,2306
2018-10-11,64.9641655215439,65.25589369224815,64.95581309042453,65.08384622824019,1216
2018-10-12,65.08384622824019,65.4948043253569,64.91180415823546,65.40418225426947,4192
2018-10-15,65.40418225426947,65.55293986398901,64.76352368916723,64.79857068629255,1528
2018-10-16,64.79857068629255,64.87455517459688,64.68078698367356,64.69147648329215,1111
2018-10-17,64.69147648329215,65.17307461946524,64.58685368067698,65.05564506076838,2797
2018-10-18,65.05564506076838,65.05959158657431,64.87972145263615,64.92063397647914,6558
2018-10-19,64.92063397647914,65.01033580521718,64.46790784006762,64.65400425729918,7843
2018-10-22,64.65400425729918,64.81427181617255,64.24164997957354,64.38150000183248,3280
2018-10-23,64.38150000183248,64.54956029916276,63.82378783351234,63.8637456934107,6937
2018-10-24,63.8637456934107,63.9335171667038,63.654077540500325,63.69106019342073,6240
2018-10-25,63.69106019342073,64.01842695167976,63.675334959697906,63.85798776509631,2904
2018-10-26,63.85798776509631,64.23852839806237,63.72387790310944,64.08341847342325,2098
2018-10-29,64.08341847342325,64.85686528310876,64.01267604382342,64.71868375406078,4854
2018-10-30,64.71868375406078,64.86457718853373,64.62505767770699,64.692617106933,6029
2018-10-31,64.692617106933,64.76095551671253,64.23777075842806,64.3085883305254,2290
2018-11-01,64.3085883305254,64.94601738048122,64.16876697034158,64.7905366946888,7008
2018-11-02,64.7905366946888,64.97925264950405,64.71234929296163,64.96092634822911,2665
2018-11-05,64.96092634822911,65.72115755330968,64.82224451183369,65.55480609095021,4591
2018-11-06,65.55480609095021,65.79042029800992,65.41959475615906,65.6253385742858,5111
2018-11-07,65.6253385742858,65.99053433714792,65.59820438299914,65.92284792621608,3289
2018-11-08,65.92284792621608,66.21262188681361,65.78145368997845,66.13065904281797,8173
2018-11-09,66.13065904281797,66.66832854675522,66.11263773861067,66.56260061181084,1036
2018-11-12,66.56260061181084,66.62775424761689,65.78507667168877,65.87845107297102,5952
2018-11-13,65.87845107297102,65.96666914722252,65.6475208829622,65.76543671616888,6331
2018-11-14,65.76543671616888,65.99081120208393,65.72813197017508,65.83844724684545,6668
2018-11-15,65.83844724684545,66.9629966284859,65.68801983286473,66.92074494344938,1864
2018-11-16,66.92074494344938,66.92446830478968,66.69752326507376,66.82969576340054,2215
2018-11-19,66.82969576340054,67.13852335106564,66.74567863582178,67.09048217672961,3475
2018-11-20,67.09048217672961,67.24532552274717,66.75698426885394,66.9295452667279,1699
2018-11-21,66.9295452667279,67.1006124931849,65.37324204879947,65.53565019615719,1172
2018-11-22,65.53565019615719,66.4284906068792,65.3500963853477,66.30566996012548,5806
2018-11-23,66.30566996012548,66.88888139501368,66.12707574422397,66.7092074681125,3638
2018-11-26,66.7092074681125,67.57332666898668,66.57831293337095,67.49498734042564,7990
2018-11-27,67.49498734042564,67.5539986631379,66.50970896159734,66.55119972508251,6880
2018-11-28,66.55119972508251,66.85097051274096,66.54497763931641,66.69578542796795,9378
2018-11-29,66.69578542796795,66.80932858672628,66.68276731410349,66.76973373788041,3631
2018-11-30,66.76973373788041,66.96958027234126,65.6264540465516,65.70215923599265,4691
2018-12-03,65.70215923599265,65.9654149638063,65.53310133242157,65.96449815657746,6317
2018-12-04,65.96449815657746,66.1231025069137,65.36603457955201,65.52843931946065,4090
2018-12-05,65.52843931946065,65.81015785348791,65.37221077740872,65.80665621546274,1641
2018-12-06,65.80665621546274,65.86657874629492,64.5851173517725,64.69439115904831,6690
2018-12-07,64.69439115904831,64.8128574486569,63.98811644287563,64.09293972383963,3307
2018-12-10,64.09293972383963,64.1077377201562,63.47738841930413,63.60543303071016,6735
2018-12-11,63.60543303071016,63.72072192452979,62.59563738135739,62.614538964750665,1466
2018-12-12,62.614538964750665,62.637124816172765,62.528851917559045,62.610127155028714,9136
2018-12-13,62.610127155028714,63.4999904878862,62.59868418439355,63.387159566250226,7902
2018-12-14,63.387159566250226,63.51387530222608,63.174080770723606,63.335932595959136,2241
2018-12-17,63.335932595959136,63.72674786469184,63.17742298698812,63.69274754873575,8672
2018-12-18,63.69274754873575,64.68112788661779,63.64922647102006,64.58737837195217,6584
2018-12-19,64.58737837195217,64.97617567755545,64.48251184497741,64.903062112947,5712
2018-12-20,64.903062112947,64.95782844555856,64.43987765253186,64.62523663190679,1216
2018-12-21,64.62523663190679,64.64176643274395,63.29400820107246,63.37220186321242,9489
2018-12-24,63.37220186321242,63.62955506885158,63.22776645835967,63.555495761622836,8778
2018-12-25,63.555495761622836,63.63889282263404,63.213080990424366,63.31241913070698,4029
2018-12-26,63.31241913070698,63.500422561742795,62.80104096414597,62.98986067660515,8720
2018-12-27,62.98986067660515,63.44832612269021,62.907298054163945,63.408139057116216,7786
2018-12-28,63.408139057116216,63.835286655752974,63.21980098227977,63.71638276877304,8150
2018-12-31,63.71638276877304,63.82155986678857,62.54417525290905,62.69917456448136,1103
2019-01-01,62.69917456448136,62.9994348843486,62.542162662765996,62.81453869796776,3785
2019-01-02,62.81453869796776,62.92203677925475,62.530384642920495,62.57853613256569,2242
2019-01-03,62.57853613256569,63.20235150979953,62.4028440617094,63.07529537524535,9775
2019-01-04,63.07529537524535,63.10761306944403,62.966877693128296,63.02747411297398,6977
2019-01-07,63.02747411297398,63.75076867195656,62.85857539028037,63.57328665330917,9765
2019-01-08,63.57328665330917,63.642644930738015,63.0237287898806,63.12325334530797,2882
2019-01-09,63.12325334530797,63.13388778265731,62.76542605462324,62.840583099573536,3726
2019-01-10,62.840583099573536,62.85827836486264,62.373850285897085,62.470290912821035,7011
2019-01-11,62.470290912821035,62.50572839355761,62.271181467094806,62.324486634708244,2292
2019-01-14,62.324486634708244,62.36856501670551,62.070946021922424,62.141991493952574,2385
2019-01-15,62.141991493952574,62.9203015165668,62.06057765502394,62.84495164594082,1196
2019-01-16,62.84495164594082,62.89923420212675,62.17219451429552,62.20276651567155,6283
2019-01-17,62.20276651567155,62.25381537204265,62.085836279364344,62.221262786456634,6857
2019-01-18,62.221262786456634,62.34158954008595,61.451920551493735,61.47298000424699,8137
2019-01-21,61.47298000424699,61.4858633618393,60.484292580101105,60.5683070174163,8176
2019-01-22,60.5683070174163,60.70235982772217,60.152181820526174,60.18018675099891,5524
2019-01-23,60.18018675099891,60.360198058435415,59.18342732834324,59.2563144625638,4935
2019-01-24,59.2563144625638,59.35938485195105,59.13131756910851,59.32743912813238,2518
2019-01-25,59.32743912813238,59.36714818012436,58.78512544920319,58.866543489052404,2388
2019-01-28,58.866543489052404,58.88692548796655,58.38904464878849,58.52512133643626,2359
2019-01-29,58.52512133643626,58.837458481130774,58.40532829602592,58.756530985439305,6685
2019-01-30,58.756530985439305,59.64091094445954,58.703138786023445,59.637069568772105,4363
2019-01-31,59.637069568772105,59.67498869746909,59.29137063353729,59.29275171428044,7770
2019-02-01,59.29275171428044,59.302679111796685,58.05694867809018,58.12342001366786,3113
2019-02-04,58.12342001366786,58.179792984358386,57.76104398898101,57.864759958480896,6280
2019-02-05,57.864759958480896,58.032332982965535,57.74985149927791,57.832012740194536,3834
2019-02-06,57.832012740194536,58.55476189991676,57.799013222843925,58.45756137199856,3457
2019-02-07,58.45756137199856,58.60996194022149,58.334123660892324,58.40543594548775,9719
2019-02-08,58.40543594548775,58.43631626760859,57.71229777394326,57.87007235064884,1505
2019-02-11,57.87007235064884,58.44704873815586,57.78529579063901,58.377354821500916,4495
2019-02-12,58.377354821500916,58.99772932959388,58.36068511311712,58.98426543352032,9106
2019-02-13,58.98426543352032,59.02615292692377,58.72006591584829,58.85050701997072,7726
2019-02-14,58.85050701997072,59.09211945158459,58.84842091903743,58.99840688228617,1023
2019-02-15,58.99840688228617,59.23527883909248,58.8371893878789,59.1901940215765,2140
2019-02-18,59.1901940215765,60.81397431986366,59.132943823001014,60.70857213798625,3486
2019-02-19,60.70857213798625,60.80471492364738,60.18973352548352,60.33230495842389,7162
2019-02-20,60.33230495842389,60.494845106613504,60.01553071422645,60.07118518889494,7625
2019-02-21,60.07118518889494,60.19792490367918,59.9827928629923,59.99933274041057,1924
2019-02-22,59.99933274041057,60.4686376350032,59.83211741240546,60.41653303960203,2444
2019-02-25,60.41653303960203,60.43764701903196,60.11478160453431,60.227609502759236,3757
2019-02-26,60.227609502759236,60.637143038729526,60.07436023426944,60.52464610334422,5094
2019-02-27,60.52464610334422,61.07882281494638,60.386397161152885,61.05812848222951,8566
2019-02-28,61.05812848222951,62.43295353823328,61.019349848354466,62.257697833379765,5179
2019-03-01,62.257697833379765,62.36387289917298,62.05790944949813,62.15535711782496,6572
2019-03-04,62.15535711782496,62.22925406164331,61.860256584640254,61.95806965936177,3447
2019-03-05,61.95806965936177,61.964093000069354,61.67475930237134,61.748960843620935,4976
2019-03-06,61.748960843620935,61.76682604447986,60.52112569820844,60.61911562817605,4674
2019-03-07,60.61911562817605,60.74660678396124,59.80290859302123,59.91074432469594,9189
2019-03-08,59.91074432469594,60.143257149022425,59.85115608295422,59.996217030620095,6080
2019-03-11,59.996217030620095,60.09652824896969,59.881826217146894,60.082902083830405,7328
2019-03-12,60.082902083830405,61.735687226611915,59.920866131598515,61.6407635769342,1705
2019-03-13,61.6407635769342,62.44261024415927,61.58536913080224,62.39965147332899,4617
2019-03-14,62.39965147332899,63.04484054062715,62.34313181630058,62.87629340340679,2580
2019-03-15,62.87629340340679,63.88939300523668,62.86131352602614,63.79630396132622,7150
2019-03-18,63.79630396132622,63.81250485587593,63.328960168158915,63.384954819301306,5605
2019-03-19,63.384954819301306,63.42394283379073,63.005835213677265,63.026556549905465,1046
2019-03-20,63.026556549905465,63.03842350454262,62.37421342806615,62.5580011094946,8566
2019-03-21,62.5580011094946,62.65840619021384,62.30668803560587,62.45620601220618,7105
2019-03-22,62.45620601220618,63.97773571768491,62.45233332719251,63.80166434156893,4269
2019-03-25,63.80166434156893,63.932408917944656,63.4839986514765,63.63320973308675,6320
2019-03-26,63.63320973308675,63.74227582435057,63.11485939658468,63.2273290145278,1750
2019-03-27,63.2273290145278,63.298832171330766,63.21876790747223,63.25262483373548,1282
2019-03-28,63.25262483373548,63.944668110122706,63.10911634031992,63.779587363260816,8912
2019-03-29,63.779587363260816,64.16243838946627,63.652263064689706,64.0839330399199,4430
2019-04-01,64.0839330399199,64.80543329645766,63.97889459557238,64.63093322345622,1445
2019-04-02,64.63093322345622,64.7979527800546,63.76145195150206,63.865619678082,2777
2019-04-03,63.865619678082,63.91935287179826,63.30974250907029,63.32244407008939,5415
2019-04-04,63.32244407008939,63.37755731084792,63.17640918864171,63.18131825448342,9510
2019-04-05,63.18131825448342,63.364348667163945,63.163331112572955,63.244665171192146,9143
2019-04-08,63.244665171192146,64.1985919832329,63.1988973636733,64.11157630852425,6669
2019-04-09,64.11157630852425,64.29068578285006,63.30593981472843,63.31617777295864,4167
2019-04-10,63.31617777295864,63.91861714813805,63.21150070494656,63.72791879364556,7379
2019-04-11,63.72791879364556,63.77902525455308,63.57756281908223,63.58957720332612,8653
2019-04-12,63.58957720332612,64.13486560403264,63.51541892881375,63.98536548874746,4607
2019-04-15,63.98536548874746,64.02122425218236,63.48007951986564,63.578139421423074,1978
2019-04-16,63.578139421423074,63.61822035435313,62.71135560745799,62.712654562382355,9475
2019-04-17,62.712654562382355,63.46780021914854,62.543396512704994,63.46133061913078,3247
2019-04-18,63.46133061913078,63.6904530739265,63.32554923362755,63.65404190030662,1942
2019-04-19,63.65404190030662,63.80461508141998,62.38785667927983,62.447016147068894,6768
2019-04-22,62.447016147068894,63.00773075885515,62.27597621798023,62.88977351097659,5530
2019-04-23,62.88977351097659,62.95338524874451,62.14400307691816,62.273246255639236,9854
2019-04-24,62.273246255639236,62.32909194412516,62.183115172376006,62.21680737615626,2273
2019-04-25,62.21680737615626,62.2933798604807,62.05133368087526,62.21498559483622,7513
2019-04-26,62.21498559483622,62.271033235951215,61.33614268234182,61.39564915295098,4312
2019-04-29,61.39564915295098,62.22024040647297,61.25148088781509,62.083129525915716,6000
2019-04-30,62.083129525915716,62.141704139373786,61.689426916716144,61.76830142752608,8075
2019-05-01,61.76830142752608,62.81560002232935,61.683597272048374,62.78249764576553,7730
2019-05-02,62.78249764576553,63.189711589184995,62.77886506355876,63.092788827183654,6122
2019-05-03,63.092788827183654,63.56597552832014,63.03744127748281,63.42319696366575,8769
2019-05-06,63.42319696366575,63.774683373072506,63.2462530163465,63.600093342244314,1324
2019-05-07,63.600093342244314,65.04233594874073,63.48730563100537,64.86652853449641,2121
2019-05-08,64.86652853449641,65.01430016115818,64.07016740083935,64.2185724303785,9167
2019-05-09,64.2185724303785,64.25806288706616,63.69064462051535,63.73063881354615,7508
2019-05-10,63.73063881354615,63.85572852247764,63.21933380514274,63.32177391582964,3509
2019-05-13,63.32177391582964,64.087401684522,63.1397815796022,64.05930301561519,4608
2019-05-14,64.05930301561519,64.91752061580544,63.89357757723739,64.7418902240087,6025
2019-05-15,64.7418902240087,64.93356683082487,64.62672907439983,64.8074041642821,9645
2019-05-16,64.8074041642821,65.06409035814383,64.751066749976,64.99066706751732,2865
2019-05-17,64.99066706751732,64.99456892948102,63.80287121021535,63.944880014162074,3222
2019-05-20,63.944880014162074,65.0260511986592,63.91587557426917,64.90786746267591,9231
2019-05-21,64.90786746267591,64.99079852984099,64.75256241538783,64.77631275246726,8107
2019-05-22,64.77631275246726,64.87688513263002,64.64934967424111,64.86603398229201,9796
2019-05-23,64.86603398229201,64.98445547812727,64.64903289664248,64.68352669529425,6995
2019-05-24,64.68352669529425,65.1756389563613,64.6644928093191,65.1185090208403,7466
2019-05-27,65.1185090208403,65.15381395554157,64.85715752441735,64.99197681867385,1070
2019-05-28,64.99197681867385,65.17344708900592,64.92598051160903,65.08305487365593,6174
2019-05-29,65.08305487365593,65.32839498888922,64.95830249061895,65.15447020753413,9192
2019-05-30,65.15447020753413,65.24729450649761,64.66585982561044,64.83946938341847,6118
2019-05-31,64.83946938341847,64.93296033486101,64.31444307257217,64.4597840804481,3866
2019-06-03,64.4597840804481,64.73850397846974,64.28140852713062,64.7276911228234,3520
2019-06-04,64.7276911228234,65.02451857826415,64.70029220333892,64.99097929595011,7513
2019-06-05,64.99097929595011,65.57629627548283,64.86644500389754,65.48493807807932,9459
2019-06-06,65.48493807807932,66.4957547396555,65.29655256466229,66.45538747850702,2871
2019-06-07,66.45538747850702,66.62442905023208,65.57043933081364,65.65850687985217,8298
2019-06-10,65.65850687985217,65.74467386604904,64.3833693174346,64.48011005222467,1615
2019-06-11,64.48011005222467,64.52822143709668,64.22211981910581,64.23621296317997,3898
2019-06-12,64.23621296317997,65.12467227155582,64.17840303147044,65.07315901565579,9118
2019-06-13,65.07315901565579,65.13448585700023,65.02722934722804,65.0608896706818,8852
2019-06-14,65.0608896706818,65.24308926444762,63.90504291506988,63.90659910736487,6942
2019-06-17,63.90659910736487,65.01206491809548,63.73410546941674,64.94726764446555,7366
2019-06-18,64.94726764446555,65.441087745825,64.89045551625149,65.29011468910412,9888
2019-06-19,65.29011468910412,65.34559964173656,64.21935272327877,64.34028088669147,3936
2019-06-20,64.34028088669147,64.49730128755769,63.65867429911279,63.8258713751391,7872
2019-06-21,63.8258713751391,63.92103799459288,63.73391288569767,63.90592385410301,8779
2019-06-24,63.90592385410301,63.9981958999522,63.39852415717096,63.56998125674678,5995
2019-06-25,63.56998125674678,63.728320457704875,63.390414204152144,63.501217852367496,5944
2019-06-26,63.501217852367496,63.903686719014786,63.3190401729106,63.84752964893428,8933
2019-06-27,63.84752964893428,63.878990048940956,63.73991005599157,63.86802622153994,2998
2019-06-28,63.86802622153994,64.92930059458412,63.745463990203696,64.77891061507437,4853
2019-07-01,64.77891061507437,64.83391264985285,64.6636205167668,64.67298551348695,1068
2019-07-02,64.67298551348695,65.70024187297103,64.6405094788907,65.66035461125178,8036
2019-07-03,65.66035461125178,65.75209900740818,65.18644416149333,65.29605858682577,9437
2019-07-04,65.29605858682577,65.42388300147627,64.53131515141814,64.55751237597856,1736
2019-07-05,64.55751237597856,64.62085167042572,63.085877545270336,63.23841751581055,9195
2019-07-08,63.23841751581055,63.29057352335474,62.618515955514155,62.71020899038026,1894
2019-07-09,62.71020899038026,62.85020167087546,62.5811287271314,62.78459639926282,5615
2019-07-10,62.78459639926282,63.55364025256901,62.63214694109148,63.40448287728999,5125
2019-07-11,63.40448287728999,63.492886245387936,61.282522081711996,61.284443289483626,7440
2019-07-12,61.284443289483626,61.43908447198862,61.15244522898329,61.275107320819586,3993
2019-07-15,61.275107320819586,61.406237602658756,60.64047833425221,60.6987954356741,6303
2019-07-16,60.6987954356741,61.146675937750615,60.64372525589324,61.14407960434591,9483
2019-07-17,61.14407960434591,61.31081564406782,60.67791919484567,60.84673008621093,5611
2019-07-18,60.84673008621093,61.06958061747344,60.738862716729,61.04412100882279,4158
2019-07-19,61.04412100882279,62.248929730590945,61.007602144501206,62.1676106727221,4837
2019-07-22,62.1676106727221,62.393816748233114,62.1597325664876,62.251148116915566,7930
2019-07-23,62.251148116915566,62.39093011432806,62.1471034616459,62.161031518953735,2442
2019-07-24,62.161031518953735,62.827584977000065,62.09925737028085,62.787799177672156,5737
2019-07-25,62.787799177672156,63.08401129724363,62.6579111959535,62.9862111958632,4637
2019-07-26,62.9862111958632,63.033882553612614,62.832351069113784,62.874890451560326,5340
2019-07-29,62.874890451560326,63.06171983449961,61.84151737631104,61.890699161472206,1001
2019-07-30,61.890699161472206,61.949704384947616,61.6544461681195,61.68595988440841,9177
2019-07-31,61.68595988440841,61.83976181485881,60.57528819461812,60.68323653236143,5896
2019-08-01,60.68323653236143,60.895124459690145,60.53723632430546,60.81785125348822,5440
2019-08-02,60.81785125348822,61.20423664702719,60.78526578809487,61.17823368288096,2701
2019-08-05,61.17823368288096,61.32080266251094,61.10083894299794,61.22737085122415,4823
2019-08-06,61.22737085122415,62.52819933623246,61.19394914223277,62.37351339553757,7837
2019-08-07,62.37351339553757,62.45833311397606,61.547082666941286,61.67930494128946,6515
2019-08-08,61.67930494128946,62.07938869810198,61.5932785071352,61.94197089034377,4016
2019-08-09,61.94197089034377,62.14991301520622,61.80882550597089,61.976277273045625,2011
2019-08-12,61.976277273045625,62.15099382535463,61.12319718798614,61.26257511177281,5850
2019-08-13,61.26257511177281,61.7274966579396,61.16960123752826,61.577925375976264,2851
2019-08-14,61.577925375976264,62.17174345285245,61.42037792795917,62.09746016203695,4210
2019-08-15,62.09746016203695,62.819363104436334,61.998471378896134,62.80467685357599,3570
2019-08-16,62.80467685357599,62.857499245882714,62.62846490302659,62.70994338035588,4138
2019-08-19,62.70994338035588,63.153604276483726,62.55411779029763,63.11850970820506,6053
2019-08-20,63.11850970820506,63.12178832252309,62.54364063973332,62.715367615200904,3826
2019-08-21,62.715367615200904,63.81288140180373,62.62581328340993,63.66139792466535,2287
2019-08-22,63.66139792466535,64.91825886022063,63.49667785778224,64.82013655833022,5737
2019-08-23,64.82013655833022,65.00842194895756,64.7834992046861,64.93478331550101,2935
2019-08-26,64.93478331550101,65.15336955224734,64.8541497455151,65.09602764595385,7156
2019-08-27,65.09602764595385,65.18330288955556,64.41796161691354,64.42559524841568,1472
2019-08-28,64.42559524841568,64.5172331610009,64.37380495355616,64.45694317271166,1635
2019-08-29,64.45694317271166,64.48011438826897,64.20507291737724,64.23814081911277,1803
2019-08-30,64.23814081911277,64.54967080054713,64.12644143247917,64.40142725309424,9116
2019-09-02,64.40142725309424,64.41594101835089,63.35814822743768,63.52381880619075,6326
2019-09-03,63.52381880619075,64.68246314023396,63.41263422118334,64.67167347662289,8105
2019-09-04,64.67167347662289,64.97380603090433,64.4864764522993,64.81351127387029,3543
2019-09-05,64.81351127387029,65.5744956323324,64.72995848621524,65.53669284477087,4062
2019-09-06,65.53669284477087,65.9039504002412,65.50532185221168,65.8808558089027,7484
2019-09-09,65.8808558089027,65.94648546202929,65.55008308917493,65.71431286885002,7538
2019-09-10,65.71431286885002,67.18549896973153,65.61183237092827,67.00563758671704,9453
2019-09-11,67.00563758671704,67.96990334991436,66.82322146184137,67.77693449784901,7114
2019-09-12,67.77693449784901,67.8279436552414,66.67748125229376,66.80675003834655,2314
2019-09-13,66.80675003834655,67.00168950994632,66.70429491302386,66.8158292753916,3671
2019-09-16,66.8158292753916,66.87278846640146,66.52250646473767,66.68564535429853,3228
2019-09-17,66.68564535429853,66.84104829135859,66.1318289985541,66.17940996569848,7571
2019-09-18,66.17940996569848,67.82644666320442,66.00149341664223,67.64169115793433,4804
2019-09-19,67.64169115793433,67.77257240642774,66.79832748322684,66.85018241261602,7362
2019-09-20,66.85018241261602,67.89774898654964,66.84852559817837,67.8954570562897,9115
2019-09-23,67.8954570562897,67.99035749328816,66.60368684382654,66.76925493604686,2587
2019-09-24,66.76925493604686,67.72402572833005,66.69824965362722,67.71034624185278,1638
2019-09-25,67.71034624185278,67.9062213847051,67.32274578963319,67.38104735956446,3158
2019-09-26,67.38104735956446,67.48239173434638,65.85809141806646,65.9179231639002,2550
2019-09-27,65.9179231639002,66.27518326920989,65.80783922893029,66.12282197237076,1430
2019-09-30,66.12282197237076,66.56824384073983,65.9957045395192,66.46663681305313,5877
2019-10-01,66.46663681305313,66.64807863508435,65.82876351783591,65.8947230121336,3023
2019-10-02,65.8947230121336,66.83039567181056,65.78518135150726,66.63632528058517,4839
2019-10-03,66.63632528058517,66.69830276001596,65.42712435070518,65.55736874349283,1307
2019-10-04,65.55736874349283,66.36655891610783,65.37167545340883,66.32628716071261,4000
2019-10-07,66.32628716071261,66.94203075893974,66.14403048081398,66.74558969701913,9310
2019-10-08,66.74558969701913,68.09145712105347,66.55370696319206,67.9776991278361,3286
2019-10-09,67.9776991278361,68.13105835143513,67.72868297232776,67.74081447721716,4013
2019-10-10,67.74081447721716,68.55258220725892,67.6170939556975,68.36981112848696,3064
2019-10-11,68.36981112848696,68.45648320983118,67.82232169780305,68.00716771018305,1779
2019-10-14,68.00716771018305,68.60037504506779,67.9017725571537,68.60014182513322,4295
2019-10-15,68.60014182513322,68.85715595557919,68.52345182515333,68.80469557102855,9960
2019-10-16,68.80469557102855,69.40298331986602,68.6155799335128,69.39209499704278,9217
2019-10-17,69.39209499704278,69.52529035053658,68.46936113972575,68.5482963763087,1471
2019-10-18,68.5482963763087,69.08312758858993,68.52463024633211,68.91983084973893,5402
2019-10-21,68.91983084973893,69.3295851120619,68.87090711852795,69.21063662506532,4594
2019-10-22,69.21063662506532,70.3601553475709,69.03000649193375,70.29360402668465,2726
2019-10-23,70.29360402668465,70.50157656480694,69.93695045768332,70.09540100915889,1271
2019-10-24,70.09540100915889,70.16977787552464,69.81713450869987,70.00720427994922,2515
2019-10-25,70.00720427994922,70.5270383060282,69.96194572437548,70.49630237465776,8134
2019-10-28,70.49630237465776,71.05875362871053,70.32473947967202,70.90574684557265,9432
2019-10-29,70.90574684557265,70.90777698578925,69.15383133919553,69.18602400824444,5895
2019-10-30,69.18602400824444,69.3878122072763,68.8575147557208,69.02925012581494,3575
2019-10-31,69.02925012581494,69.66848247852366,68.95057298550564,69.65836230636059,1035
2019-11-01,69.65836230636059,69.77891017715258,69.39320745462626,69.44886065035344,3417
2019-11-04,69.44886065035344,69.57084784472073,68.01312435675514,68.21332596447324,5399
2019-11-05,68.21332596447324,68.40643563271584,67.98899662315168,68.01118338062855,3456
2019-11-06,68.01118338062855,68.12983148008874,68.00102391800482,68.02531603216842,5934
2019-11-07,68.02531603216842,68.19281635072844,67.35753221085906,67.40495770845462,1526
2019-11-08,67.40495770845462,67.53773876544115,67.35797149770146,67.4878395728854,4375
2019-11-11,67.4878395728854,67.60387140233959,66.7003146234564,66.78035643858239,4919
2019-11-12,66.78035643858239,66.87375229966938,66.60481208198756,66.67624101265562,3393
2019-11-13,66.67624101265562,66.83698786080431,66.62919899481953,66.75390376478715,8618
2019-11-14,66.75390376478715,68.14182088095505,66.59849948356641,67.96703859329287,3892
2019-11-15,67.96703859329287,68.30847102464135,67.91580277010216,68.22894137218391,7856
2019-11-18,68.22894137218391,69.2964320680617,68.20051195301053,69.12070753575613,3833
2019-11-19,69.12070753575613,69.41812102608212,69.05846371627524,69.29365587225992,6003
2019-11-20,69.29365587225992,69.49315655192015,68.44580425630983,68.53700859951721,7409
2019-11-21,68.53700859951721,68.74191409112387,67.57937029876915,67.77511196047308,5124
2019-11-22,67.77511196047308,68.45235455096494,67.65695098131044,68.3313053089315,3278
2019-11-25,68.3313053089315,68.51192824965742,67.1902093808687,67.2723032806712,6326
2019-11-26,67.2723032806712,67.2966978394692,66.20738077793912,66.23310745601191,3720
2019-11-27,66.23310745601191,67.02489502148251,66.16761139403901,66.85054062525064,1435
2019-11-28,66.85054062525064,66.86611499807489,66.32156148698338,66.32895196912672,4595
2019-11-29,66.32895196912672,66.51015301980216,65.53951485333792,65.59220976468926,2484
2019-12-02,65.59220976468926,66.76496502245527,65.44164824223384,66.69495647239901,3396
2019-12-03,66.69495647239901,66.89204258726295,66.12049539635413,66.13567708904584,2356
2019-12-04,66.13567708904584,66.74814233446347,66.09905803785075,66.55502203544728,8586
2019-12-05,66.55502203544728,66.6983762879412,66.47133865092228,66.54866032783629,2745
2019-12-06,66.54866032783629,66.79455480024818,66.5459129732785,66.65289698479462,6684
2019-12-09,66.65289698479462,66.81456881560531,66.54551232117522,66.69781741829031,6550
2019-12-10,66.69781741829031,67.44580900984356,66.67549780716358,67.38547343561929,1667
2019-12-11,67.38547343561929,68.47941689811348,67.29979367251883,68.4013653665212,3004
2019-12-12,68.4013653665212,68.46233607871888,67.6223878090166,67.78502426103815,9009
2019-12-13,67.78502426103815,68.8994967953793,67.74079226263203,68.83739154590252,4302
2019-12-16,68.83739154590252,68.93283786484375,68.54630163536878,68.70484837416016,2242
2019-12-17,68.70484837416016,68.72251569277147,68.41071066675511,68.60331047500166,2573
2019-12-18,68.60331047500166,69.2862686621353,68.5723771864074,69.08650260467145,5170
2019-12-19,69.08650260467145,69.15106688383804,68.67293267425255,68.72898956572162,6982
2019-12-20,68.72898956572162,68.82918805701259,67.95615922644316,68.11482213561085,9624
2019-12-23,68.11482213561085,69.17328828254452,67.96418727991698,69.1623087920948,1590
2019-12-24,69.1623087920948,69.16609081715028,68.72486508161838,68.78079359605161,8279
2019-12-25,68.78079359605161,68.8441400438459,67.31653640471204,67.36112938573264,6330
2019-12-26,67.36112938573264,67.46289892714256,65.12248624371888,65.20650487434597,9833
2019-12-27,65.20650487434597,65.45695974559754,65.04863130878455,65.42776417665067,9837
2019-12-30,65.42776417665067,65.61891794395534,65.1923625642855,65.34282929474551,2377
2019-12-31,65.34282929474551,66.54905627275038,65.22019909193857,66.48800133514862,9370
2020-01-01,66.48800133514862,66.57710810797013,65.70248088768464,65.7331044149958,5729
2020-01-02,65.7331044149958,65.79484818245804,64.9218815523897,64.95746364648751,3273
2020-01-03,64.95746364648751,65.1192026236834,64.85559878620936,64.99279390588563,3055
2020-01-06,64.99279390588563,65.97503301230837,64.82704139637661,65.8746046093403,6663
2020-01-07,65.8746046093403,66.8500519598277,65.78068545777398,66.81872796847192,3271
2020-01-08,66.81872796847192,66.88751638542134,66.6562214523461,66.85654550799056,2555
2020-01-09,66.85654550799056,66.96883443528394,66.35262293384436,66.44546994599587,7447
2020-01-10,66.44546994599587,66.70429167261746,66.43540850644715,66.55059387166327,8048
2020-01-13,66.55059387166327,67.58489766653207,66.54083251781503,67.5818431673584,1734
2020-01-14,67.5818431673584,67.61023587372938,67.44792314720252,67.5462561797304,1670
2020-01-15,67.5462561797304,67.60045706071215,67.12928747706775,67.26510823426463,9654
2020-01-16,67.26510823426463,67.60051304487395,67.09711373787879,67.58358802708129,5224
2020-01-17,67.58358802708129,67.84718080961778,67.5332660858317,67.73831855130375,6796
2020-01-20,67.73831855130375,68.00436689130872,67.73752306854445,67.83466939721706,8934
2020-01-21,67.83466939721706,69.33794812922837,67.72056944216659,69.27195118973263,8994
2020-01-22,69.27195118973263,69.83733292096727,69.2145795577514,69.75725849459148,3799
2020-01-23,69.75725849459148,69.89203314758579,69.60017328242394,69.86285194258687,8308
2020-01-24,69.86285194258687,69.91913656502449,69.59941187041538,69.64633127628224,5469
2020-01-27,69.64633127628224,69.83440819092803,69.30083042367063,69.4863150894713,5218
2020-01-28,69.4863150894713,70.03493226704533,69.29224369248661,69.86446501794788,4695
2020-01-29,69.86446501794788,70.58948980088866,69.80692108703005,70.39714876690405,5810
2020-01-30,70.39714876690405,70.55122942057217,69.82584341058539,69.98547656441171,3857
2020-01-31,69.98547656441171,70.19494293799043,69.4854331503387,69.65070581224117,3111
2020-02-03,69.65070581224117,69.75550489218274,69.45794182067935,69.49217351303213,1689
2020-02-04,69.49217351303213,69.64824021935043,68.71778072228057,68.87723746108819,8106
2020-02-05,68.87723746108819,69.78790160265069,68.78723454400358,69.65988319700453,4628
2020-02-06,69.65988319700453,69.66761428073455,68.98049365806617,69.07004003573117,3383
2020-02-07,69.07004003573117,69.25324786469942,68.90818222531784,69.20500922012472,8999
2020-02-10,69.20500922012472,70.0752088461289,69.00657626396517,69.91607779141921,3877
2020-02-11,69.91607779141921,69.92890065335325,69.17048004162253,69.26635473737998,9945
2020-02-12,69.26635473737998,69.38602957805418,68.62839220799567,68.71200623707668,6046
2020-02-13,68.71200623707668,68.89156175138166,68.46710707718991,68.64590628592636,1017
2020-02-14,68.64590628592636,69.11027576226978,68.6356656393065,69.02081674180724,4749
2020-02-17,69.02081674180724,69.36629699658783,68.94752678950152,69.17748627785923,3301
2020-02-18,69.17748627785923,69.42972549668985,69.12861084184834,69.24380088994904,4827
2020-02-19,69.24380088994904,70.18962838670126,69.08278570246226,70.14119921585657,3810
2020-02-20,70.14119921585657,70.19877920075531,69.65202484568579,69.77585336021357,4034
2020-02-21,69.77585336021357,69.92845251042321,69.25302400744549,69.33939022153297,9372
2020-02-24,69.33939022153297,69.87458201082565,69.2219257117466,69.82127298427011,5599
2020-02-25,69.82127298427011,69.95831077897054,69.67307193393259,69.93525064921836,4299
2020-02-26,69.93525064921836,70.66206398604281,69.74173858526014,70.6288145327117,2536
2020-02-27,70.6288145327117,71.55936111123933,70.55834093177772,71.42560992411346,8773
2020-02-28,71.42560992411346,71.42858473990776,70.52251388229043,70.685295751489,2998
2020-03-02,70.685295751489,70.88702945773795,69.13479733045642,69.2661438978812,5123
2020-03-03,69.2661438978812,69.7787344662485,69.10858359712557,69.68163548144356,1093
2020-03-04,69.68163548144356,69.72858403797686,69.47657275919651,69.68395709287407,9561
2020-03-05,69.68395709287407,70.04141480775303,69.64859466758773,69.91194884688385,5837
2020-03-06,69.91194884688385,69.94365017729359,69.22974689115863,69.3204965879988,9390
2020-03-09,69.3204965879988,70.11465148288153,69.12885144943935,69.90611181648913,3769
2020-03-10,69.90611181648913,69.91253316658153,69.76795363644581,69.78095019589803,4461
2020-03-11,69.78095019589803,70.35554818931647,69.66854648609097,70.19692313383375,4896
2020-03-12,70.19692313383375,70.90350514300779,70.04706010175549,70.8687831245414,3794
2020-03-13,70.8687831245414,71.16497901477354,70.71975090510831,70.98028710805177,1791
2020-03-16,70.98028710805177,71.00680753054833,70.87368891876257,70.95125463938813,2862
2020-03-17,70.95125463938813,71.15284954829708,70.34522709333372,70.49986228276818,9876
2020-03-18,70.49986228276818,72.65730655215933,70.4349821312394,72.44509711600712,1104
2020-03-19,72.44509711600712,72.49080748817202,71.36298381789649,71.50307871290951,3642
2020-03-20,71.50307871290951,72.12608014584045,71.32205815388804,72.04094741113501,1811
2020-03-23,72.04094741113501,72.24316385448162,70.99235849840755,71.00673588613631,1070
2020-03-24,71.00673588613631,71.1867943871235,70.45907241205352,70.46170201402504,5409
2020-03-25,70.46170201402504,71.58188049500393,70.43422862681163,71.48748992640922,5677
2020-03-26,71.48748992640922,71.5148113112986,70.8711736164371,71.00328286132095,4022
2020-03-27,71.00328286132095,71.81060072092299,70.81287680271369,71.78946860510908,3635
2020-03-30,71.78946860510908,71.94095114468773,71.36661709695763,71.55085865857383,9165
2020-03-31,71.55085865857383,72.3058252289683,71.550462063387,72.21196508947514,8112
2020-04-01,72.21196508947514,72.3186945757504,71.06710879613073,71.23609228412808,2303
2020-04-02,71.23609228412808,71.3043493094405,70.43797529233608,70.46800252233858,4735
2020-04-03,70.46800252233858,71.67882248119598,70.42334208887098,71.52710404830773,8888
2020-04-06,71.52710404830773,71.85550728765408,71.31798459538764,71.79359039733406,5295
2020-04-07,71.79359039733406,71.8039101960555,70.98340105704413,71.08580072110887,8751
2020-04-08,71.08580072110887,71.19895648979865,70.6258486331818,70.77163114360889,2611
2020-04-09,70.77163114360889,70.79270712059751,68.83883841084757,68.86458071218061,3225
2020-04-10,68.86458071218061,68.93290247925168,68.46112738840876,68.66618477200277,9613
2020-04-13,68.66618477200277,68.68416175060725,67.64037323922588,67.78450732059292,6804
2020-04-14,67.78450732059292,67.87626530362319,67.05072817356645,67.15166117282025,4424
2020-04-15,67.15166117282025,68.30462096604269,66.97904603528784,68.17948881525304,4719
2020-04-16,68.17948881525304,68.34069081869133,67.68797002098329,67.82465557804126,9667
2020-04-17,67.82465557804126,68.01580078837908,67.3607037785105,67.41723673599745,1916
